"","max_clusters","file","sub_origin","origin","log","selection","X1","X2","X3","X4","X5","X6","X7","X8","X9","X10","X11","X12","X13","X14","X15","Winner"
"1",15,"./data/1_5_CPMcutoff_suffix_1_log.csv","1","1_5",TRUE,"AIC",-135213.61646572,-122015.530407019,-119799.367696964,-119066.747135346,-118781.341255381,-118633.530318171,-118613.281502413,-118615.258427613,-118576.144178641,-118623.645103767,-118579.182385039,-118582.257898098,-118580.023656366,-118582.510581488,-118584.100704128,9
"2",15,"./data/1_5_CPMcutoff_suffix_1_log.csv","1","1_5",TRUE,"BIC",-135213.002760081,-122014.609848561,-119797.833432867,-119064.599165609,-118778.579580006,-118630.154937157,-118609.29241576,-118610.655635321,-118570.927680711,-118617.814900198,-118572.738475831,-118575.200283251,-118572.35233588,-118574.225555363,-118575.201972365,9
"3",15,"./data/1_5_CPMcutoff_suffix_1_log.csv","1","1_5",TRUE,"CAIC",-135214.002760081,-122016.109848561,-119800.333432867,-119068.099165609,-118783.079580006,-118635.654937157,-118615.79241576,-118618.155635321,-118579.427680711,-118627.314900198,-118583.238475831,-118586.700283251,-118584.85233588,-118587.725555363,-118589.701972365,9
"4",15,"./data/1_5_CPMcutoff_suffix_1_log.csv","1","1_5",TRUE,"ICL",-135213.002760081,-122013.967446501,-119796.813889139,-119063.307433171,-118777.221317337,-118628.682812704,-118607.766512371,-118609.139990842,-118569.216281728,-118615.816983827,-118570.953349084,-118573.284979381,-118570.408843106,-118572.434878619,-118573.177241826,9
